{
  "hosting": {
    "public": "dist",
    "ignore": [
      "firebase.json",
      "**/.*",
      "**/node_modules/**"
    ],
    "rewrites": [
      {
        "source": "/publicReplyGet",
        "function": "publicReplyGet"
      },
      {
        "source": "/publicReplyPost",
        "function": "publicReplyPost"
      },
      {
        "source": "/r/**",
        "function": "rtoRedirect"
      },
      {
        "source": "**",
        "destination": "/index.html"
      }
    ]
  },
  "functions": {
    "source": "functions",
    "ignore": [
      "node_modules",
      ".git",
      "firebase-debug.log",
      "firebase-debug.*.log",
      "*.local"
    ],
    "predeploy": [
      "npm --prefix functions run lint"
    ]
  },
  "emulators": {
    "functions": {
      "port": 5002
    },
    "firestore": {
      "port": 8081
    },
    "ui": {
      "enabled": true,
      "port": 4001
    },
    "singleProjectMode": true,
    "storage": {
      "port": 9199
    }
  },
  "firestore": {
    "rules": "firestore.rules"
  },
  "storage": {
    "rules": "storage.rules"
  }
}
